<?xml version="1.0" encoding="UTF-8"?>
<!-- vim:fdl=1: -->
<templates id="template" xml:space="preserve">
<t t-extend="Login">
    <t t-jquery="img" t-operation="replace">
    <img src='fa-filter'
    width="180px" />
    </t>
     <t t-jquery="div.oe_login_footer" t-operation="after">
            <div class="oe_login_footer" style="top:250px">
                <a href="http://odoo12.xyz/" target="_blank">Provided by <span>Scott Liu</span></a>
            </div>
     </t>
</t>
<t t-extend="WebClient">
    <t t-jquery="span.url" t-operation="replace">
        <span class="url"><a id="support_link" href="http://odoo12.xyz"
    target="_blank"></a></span>
    </t>
</t>
</templates>
