<?xml version="1.0" encoding="utf-8"?>
<odoo>
    <data>
        <record id="module_category_lxb" model="ir.module.category">
            <field name="name">LeXueBao</field>
            <field name="description">让教育更高效，与学生共成长.</field>
            <field name="sequence">15</field>
        </record>
        <record id="module_category_lxb_others" model="ir.module.category">
            <field name="name">LeXueBao Others</field>
            <field name="description">让教育更高效，与学生共成长.</field>
            <field name="sequence">20</field>
        </record>
        <record id="group_lxb_student" model="res.groups">
            <field name="name">Student</field>
            <field name="category_id" ref="module_category_lxb"/>
            <field name="users" eval="[(4, ref('base.user_root'))]"/>
            <field name="implied_ids" eval="[(4, ref('base.group_user'))]"/>
        </record>
        <record id="group_lxb_teacher" model="res.groups">
            <field name="name">Teacher</field>
            <field name="category_id" ref="module_category_lxb"/>
            <field name="users" eval="[(4, ref('base.user_root'))]"/>
            <field name="implied_ids" eval="[(4, ref('lxb-core.group_lxb_student')), (4, ref('base.group_user'))]"/>
        </record>
        <record id="group_lxb_back_office" model="res.groups">
            <field name="name">Back Office</field>
            <field name="category_id" ref="module_category_lxb"/>
            <field name="users" eval="[(4, ref('base.user_root'))]"/>
            <field name="implied_ids" eval="[(4, ref('lxb-core.group_lxb_teacher')),(4, ref('base.group_partner_manager'))]"/>
        </record>
        <record id="group_lxb_back_office_admin" model="res.groups">
            <field name="name">Back Office Admin</field>
            <field name="category_id" ref="module_category_lxb"/>
            <field name="users" eval="[(4, ref('base.user_root'))]"/>
            <field name="implied_ids" eval="[(4, ref('lxb-core.group_lxb_back_office')),(4, ref('base.group_system'))]"/>
        </record>

        <record model="ir.rule" id="student_login_rule">
            <field name="name">Student Login rule</field>
            <field name="model_id" ref="model_lxb_student" />
            <field name="groups"
                eval="[(4, ref('lxb-core.group_lxb_student'))]" />
            <field name="domain_force"> [('user_id','=',user.id)]</field>
        </record>

        <record model="ir.rule" id="view_students_rule">
            <field name="name">View Students</field>
            <field name="model_id" ref="model_lxb_student" />
            <field name="groups"
                eval="[(4, ref('lxb-core.group_lxb_teacher'))]" />
            <field name="domain_force"> [(1,'=',1)]</field>
        </record>

        <record model="ir.rule" id="teacher_login_rule">
            <field name="name">Teacher Login rule</field>
            <field name="model_id" ref="model_lxb_teacher" />
            <field name="groups"
                eval="[(4, ref('lxb-core.group_lxb_teacher'))]" />
            <field name="domain_force"> [('user_id','=',user.id)]</field>
        </record>

        <record model="ir.rule" id="view_teacher_rule">
            <field name="name">View teachers</field>
            <field name="model_id" ref="model_lxb_teacher" />
            <field name="groups"
                eval="[(4, ref('lxb-core.group_lxb_back_office'))]" />
            <field name="domain_force"> [(1,'=',1)]</field>
        </record>

    </data>
</odoo>
