id,name,model_id:id,group_id:id,perm_read,perm_write,perm_create,perm_unlink
access_lxb_fees_terms_backoffice,name_lxb_fees_terms_backoffice,model_lxb_fees_terms,lxb-core.group_lxb_back_office,1,1,1,0
access_lxb_fees_terms_backoffice_admin,name_lxb_fees_terms_backoffice_admin,model_lxb_fees_terms,lxb-core.group_lxb_back_office_admin,1,1,1,1
access_lxb_fees_terms_line_backoffice,name_lxb_fees_terms_line_backoffice,model_lxb_fees_terms_line,lxb-core.group_lxb_back_office,1,1,1,0
access_lxb_fees_terms_line_backoffice_admin,name_lxb_fees_terms_line_backoffice_admin,model_lxb_fees_terms_line,lxb-core.group_lxb_back_office_admin,1,1,1,1
access_account_invoice_backoffice,name_account_invoice_backoffice,model_account_invoice,lxb-core.group_lxb_back_office,1,1,1,0
access_account_invoice_backoffice_admin,name_account_invoice_backoffice_admin,model_account_invoice,lxb-core.group_lxb_back_office_admin,1,1,1,1
access_lxb_invoice_course_line_backoffice,name_lxb_invoice_course_line_backoffice,model_lxb_invoice_course_line,lxb-core.group_lxb_back_office,1,1,1,0
access_lxb_invoice_course_line_backoffice_admin,name_lxb_invoice_course_line_backoffice_admin,model_lxb_invoice_course_line,lxb-core.group_lxb_back_office_admin,1,1,1,1
